"date","state","sector","mode","installed_capacity"
"21-12-2023","Andaman & Nicobar Islands","STATE SECTOR","Thermal","57.52"
"21-12-2023","Andaman & Nicobar Islands","STATE SECTOR","Nuclear","NA"
"21-12-2023","Andaman & Nicobar Islands","STATE SECTOR","Hydro","NA"
"21-12-2023","Andaman & Nicobar Islands","STATE SECTOR","RES","5.25"
"21-12-2023","Andaman & Nicobar Islands","PVT SECTOR","Thermal","35.19"
"21-12-2023","Andaman & Nicobar Islands","PVT SECTOR","Nuclear","NA"
"21-12-2023","Andaman & Nicobar Islands","PVT SECTOR","Hydro","NA"
"21-12-2023","Andaman & Nicobar Islands","PVT SECTOR","RES","24.81"
"21-12-2023","Andaman & Nicobar Islands","CENTRAL SECTOR","Thermal","NA"
"21-12-2023","Andaman & Nicobar Islands","CENTRAL SECTOR","Nuclear","NA"
"21-12-2023","Andaman & Nicobar Islands","CENTRAL SECTOR","Hydro","NA"
"21-12-2023","Andaman & Nicobar Islands","CENTRAL SECTOR","RES","5.1"
"21-12-2023","Andhra Pradesh","STATE SECTOR","Thermal","6045.4"
"21-12-2023","Andhra Pradesh","STATE SECTOR","Nuclear","NA"
"21-12-2023","Andhra Pradesh","STATE SECTOR","Hydro","1610"
"21-12-2023","Andhra Pradesh","STATE SECTOR","RES","57.376"
"21-12-2023","Andhra Pradesh","PVT SECTOR","Thermal","9279.944"
"21-12-2023","Andhra Pradesh","PVT SECTOR","Nuclear","NA"
"21-12-2023","Andhra Pradesh","PVT SECTOR","Hydro","NA"
"21-12-2023","Andhra Pradesh","PVT SECTOR","RES","9081.97"
"21-12-2023","Andhra Pradesh","CENTRAL SECTOR","Thermal","2000"
"21-12-2023","Andhra Pradesh","CENTRAL SECTOR","Nuclear","NA"
"21-12-2023","Andhra Pradesh","CENTRAL SECTOR","Hydro","NA"
"21-12-2023","Andhra Pradesh","CENTRAL SECTOR","RES","250"
"21-12-2023","Arunachal Pradesh","STATE SECTOR","Thermal","NA"
"21-12-2023","Arunachal Pradesh","STATE SECTOR","Nuclear","NA"
"21-12-2023","Arunachal Pradesh","STATE SECTOR","Hydro","NA"
"21-12-2023","Arunachal Pradesh","STATE SECTOR","RES","109.1051"
"21-12-2023","Arunachal Pradesh","PVT SECTOR","Thermal","NA"
"21-12-2023","Arunachal Pradesh","PVT SECTOR","Nuclear","NA"
"21-12-2023","Arunachal Pradesh","PVT SECTOR","Hydro","NA"
"21-12-2023","Arunachal Pradesh","PVT SECTOR","RES","35.79"
"21-12-2023","Arunachal Pradesh","CENTRAL SECTOR","Thermal","NA"
"21-12-2023","Arunachal Pradesh","CENTRAL SECTOR","Nuclear","NA"
"21-12-2023","Arunachal Pradesh","CENTRAL SECTOR","Hydro","1115"
"21-12-2023","Arunachal Pradesh","CENTRAL SECTOR","RES","NA"
"21-12-2023","Assam","STATE SECTOR","Thermal","306.355"
"21-12-2023","Assam","STATE SECTOR","Nuclear","NA"
"21-12-2023","Assam","STATE SECTOR","Hydro","100"
"21-12-2023","Assam","STATE SECTOR","RES","5.01"
"21-12-2023","Assam","PVT SECTOR","Thermal","NA"
"21-12-2023","Assam","PVT SECTOR","Nuclear","NA"
"21-12-2023","Assam","PVT SECTOR","Hydro","NA"
"21-12-2023","Assam","PVT SECTOR","RES","161.91"
"21-12-2023","Assam","CENTRAL SECTOR","Thermal","1041"
"21-12-2023","Assam","CENTRAL SECTOR","Nuclear","NA"
"21-12-2023","Assam","CENTRAL SECTOR","Hydro","250"
"21-12-2023","Assam","CENTRAL SECTOR","RES","25"
"21-12-2023","Bihar","STATE SECTOR","Thermal","NA"
"21-12-2023","Bihar","STATE SECTOR","Nuclear","NA"
"21-12-2023","Bihar","STATE SECTOR","Hydro","NA"
"21-12-2023","Bihar","STATE SECTOR","RES","70.7"
"21-12-2023","Bihar","PVT SECTOR","Thermal","NA"
"21-12-2023","Bihar","PVT SECTOR","Nuclear","NA"
"21-12-2023","Bihar","PVT SECTOR","Hydro","NA"
"21-12-2023","Bihar","PVT SECTOR","RES","349.56"
"21-12-2023","Bihar","CENTRAL SECTOR","Thermal","9060"
"21-12-2023","Bihar","CENTRAL SECTOR","Nuclear","NA"
"21-12-2023","Bihar","CENTRAL SECTOR","Hydro","NA"
"21-12-2023","Bihar","CENTRAL SECTOR","RES","NA"
"21-12-2023","Chandigarh","STATE SECTOR","Thermal","NA"
"21-12-2023","Chandigarh","STATE SECTOR","Nuclear","NA"
"21-12-2023","Chandigarh","STATE SECTOR","Hydro","NA"
"21-12-2023","Chandigarh","STATE SECTOR","RES","NA"
"21-12-2023","Chandigarh","PVT SECTOR","Thermal","NA"
"21-12-2023","Chandigarh","PVT SECTOR","Nuclear","NA"
"21-12-2023","Chandigarh","PVT SECTOR","Hydro","NA"
"21-12-2023","Chandigarh","PVT SECTOR","RES","64.05"
"21-12-2023","Chandigarh","CENTRAL SECTOR","Thermal","NA"
"21-12-2023","Chandigarh","CENTRAL SECTOR","Nuclear","NA"
"21-12-2023","Chandigarh","CENTRAL SECTOR","Hydro","NA"
"21-12-2023","Chandigarh","CENTRAL SECTOR","RES","NA"
"21-12-2023","Chhatisgarh","STATE SECTOR","Thermal","2840"
"21-12-2023","Chhatisgarh","STATE SECTOR","Nuclear","NA"
"21-12-2023","Chhatisgarh","STATE SECTOR","Hydro","120"
"21-12-2023","Chhatisgarh","STATE SECTOR","RES","11.05"
"21-12-2023","Chhatisgarh","PVT SECTOR","Thermal","13168"
"21-12-2023","Chhatisgarh","PVT SECTOR","Nuclear","NA"
"21-12-2023","Chhatisgarh","PVT SECTOR","Hydro","NA"
"21-12-2023","Chhatisgarh","PVT SECTOR","RES","1355.19"
"21-12-2023","Chhatisgarh","CENTRAL SECTOR","Thermal","7680"
"21-12-2023","Chhatisgarh","CENTRAL SECTOR","Nuclear","NA"
"21-12-2023","Chhatisgarh","CENTRAL SECTOR","Hydro","NA"
"21-12-2023","Chhatisgarh","CENTRAL SECTOR","RES","NA"
"21-12-2023","Dadra and Nagar Haveli and Daman and Diu","STATE SECTOR","Thermal","NA"
"21-12-2023","Dadra and Nagar Haveli and Daman and Diu","STATE SECTOR","Nuclear","NA"
"21-12-2023","Dadra and Nagar Haveli and Daman and Diu","STATE SECTOR","Hydro","NA"
"21-12-2023","Dadra and Nagar Haveli and Daman and Diu","STATE SECTOR","RES","NA"
"21-12-2023","Dadra and Nagar Haveli and Daman and Diu","PVT SECTOR","Thermal","NA"
"21-12-2023","Dadra and Nagar Haveli and Daman and Diu","PVT SECTOR","Nuclear","NA"
"21-12-2023","Dadra and Nagar Haveli and Daman and Diu","PVT SECTOR","Hydro","NA"
"21-12-2023","Dadra and Nagar Haveli and Daman and Diu","PVT SECTOR","RES","46.47"
"21-12-2023","Dadra and Nagar Haveli and Daman and Diu","CENTRAL SECTOR","Thermal","NA"
"21-12-2023","Dadra and Nagar Haveli and Daman and Diu","CENTRAL SECTOR","Nuclear","NA"
"21-12-2023","Dadra and Nagar Haveli and Daman and Diu","CENTRAL SECTOR","Hydro","NA"
"21-12-2023","Dadra and Nagar Haveli and Daman and Diu","CENTRAL SECTOR","RES","NA"
"21-12-2023","Delhi","STATE SECTOR","Thermal","2100.4"
"21-12-2023","Delhi","STATE SECTOR","Nuclear","NA"
"21-12-2023","Delhi","STATE SECTOR","Hydro","NA"
"21-12-2023","Delhi","STATE SECTOR","RES","NA"
"21-12-2023","Delhi","PVT SECTOR","Thermal","108"
"21-12-2023","Delhi","PVT SECTOR","Nuclear","NA"
"21-12-2023","Delhi","PVT SECTOR","Hydro","NA"
"21-12-2023","Delhi","PVT SECTOR","RES","320.41"
"21-12-2023","Goa","STATE SECTOR","Thermal","NA"
"21-12-2023","Goa","STATE SECTOR","Nuclear","NA"
"21-12-2023","Goa","STATE SECTOR","Hydro","NA"
"21-12-2023","Goa","STATE SECTOR","RES","0.05"
"21-12-2023","Goa","PVT SECTOR","Thermal","48"
"21-12-2023","Goa","PVT SECTOR","Nuclear","NA"
"21-12-2023","Goa","PVT SECTOR","Hydro","NA"
"21-12-2023","Goa","PVT SECTOR","RES","37.7"
"21-12-2023","Goa","CENTRAL SECTOR","Thermal","NA"
"21-12-2023","Goa","CENTRAL SECTOR","Nuclear","NA"
"21-12-2023","Goa","CENTRAL SECTOR","Hydro","NA"
"21-12-2023","Goa","CENTRAL SECTOR","RES","NA"
"21-12-2023","Gujarat","STATE SECTOR","Thermal","7587.82"
"21-12-2023","Gujarat","STATE SECTOR","Nuclear","NA"
"21-12-2023","Gujarat","STATE SECTOR","Hydro","1990"
"21-12-2023","Gujarat","STATE SECTOR","RES","95.04"
"21-12-2023","Gujarat","PVT SECTOR","Thermal","14742"
"21-12-2023","Gujarat","PVT SECTOR","Nuclear","NA"
"21-12-2023","Gujarat","PVT SECTOR","Hydro","NA"
"21-12-2023","Gujarat","PVT SECTOR","RES","21558.27"
"21-12-2023","Gujarat","CENTRAL SECTOR","Thermal","1313.59"
"21-12-2023","Gujarat","CENTRAL SECTOR","Nuclear","1140"
"21-12-2023","Gujarat","CENTRAL SECTOR","Hydro","NA"
"21-12-2023","Gujarat","CENTRAL SECTOR","RES","243.3"
"21-12-2023","Haryana","STATE SECTOR","Thermal","2510"
"21-12-2023","Haryana","STATE SECTOR","Nuclear","NA"
"21-12-2023","Haryana","STATE SECTOR","Hydro","NA"
"21-12-2023","Haryana","STATE SECTOR","RES","69.3"
"21-12-2023","Haryana","PVT SECTOR","Thermal","1320"
"21-12-2023","Haryana","PVT SECTOR","Nuclear","NA"
"21-12-2023","Haryana","PVT SECTOR","Hydro","NA"
"21-12-2023","Haryana","PVT SECTOR","RES","1503.62"
"21-12-2023","Haryana","CENTRAL SECTOR","Thermal","1931.59"
"21-12-2023","Haryana","CENTRAL SECTOR","Nuclear","NA"
"21-12-2023","Haryana","CENTRAL SECTOR","Hydro","NA"
"21-12-2023","Haryana","CENTRAL SECTOR","RES","5"
"21-12-2023","Himachal Pradesh","STATE SECTOR","Thermal","NA"
"21-12-2023","Himachal Pradesh","STATE SECTOR","Nuclear","NA"
"21-12-2023","Himachal Pradesh","STATE SECTOR","Hydro","888"
"21-12-2023","Himachal Pradesh","STATE SECTOR","RES","256.61"
"21-12-2023","Himachal Pradesh","PVT SECTOR","Thermal","NA"
"21-12-2023","Himachal Pradesh","PVT SECTOR","Nuclear","NA"
"21-12-2023","Himachal Pradesh","PVT SECTOR","Hydro","2109"
"21-12-2023","Himachal Pradesh","PVT SECTOR","RES","834.85"
"21-12-2023","Himachal Pradesh","CENTRAL SECTOR","Thermal","NA"
"21-12-2023","Himachal Pradesh","CENTRAL SECTOR","Nuclear","NA"
"21-12-2023","Himachal Pradesh","CENTRAL SECTOR","Hydro","7266.02"
"21-12-2023","Himachal Pradesh","CENTRAL SECTOR","RES","NA"
"21-12-2023","Jammu and Kashmir","STATE SECTOR","Thermal","175"
"21-12-2023","Jammu and Kashmir","STATE SECTOR","Nuclear","NA"
"21-12-2023","Jammu and Kashmir","STATE SECTOR","Hydro","1110"
"21-12-2023","Jammu and Kashmir","STATE SECTOR","RES","97.18"
"21-12-2023","Jammu and Kashmir","PVT SECTOR","Thermal","NA"
"21-12-2023","Jammu and Kashmir","PVT SECTOR","Nuclear","NA"
"21-12-2023","Jammu and Kashmir","PVT SECTOR","Hydro","NA"
"21-12-2023","Jammu and Kashmir","PVT SECTOR","RES","119.23"
"21-12-2023","Jammu and Kashmir","CENTRAL SECTOR","Thermal","NA"
"21-12-2023","Jammu and Kashmir","CENTRAL SECTOR","Nuclear","NA"
"21-12-2023","Jammu and Kashmir","CENTRAL SECTOR","Hydro","2250"
"21-12-2023","Jammu and Kashmir","CENTRAL SECTOR","RES","NA"
"21-12-2023","Jharkhand","STATE SECTOR","Thermal","420"
"21-12-2023","Jharkhand","STATE SECTOR","Nuclear","NA"
"21-12-2023","Jharkhand","STATE SECTOR","Hydro","130"
"21-12-2023","Jharkhand","STATE SECTOR","RES","4.05"
"21-12-2023","Jharkhand","PVT SECTOR","Thermal","1830"
"21-12-2023","Jharkhand","PVT SECTOR","Nuclear","NA"
"21-12-2023","Jharkhand","PVT SECTOR","Hydro","NA"
"21-12-2023","Jharkhand","PVT SECTOR","RES","135.87"
"21-12-2023","Jharkhand","CENTRAL SECTOR","Thermal","2660"
"21-12-2023","Jharkhand","CENTRAL SECTOR","Nuclear","NA"
"21-12-2023","Jharkhand","CENTRAL SECTOR","Hydro","80"
"21-12-2023","Jharkhand","CENTRAL SECTOR","RES","NA"
"21-12-2023","Karnataka","STATE SECTOR","Thermal","5020"
"21-12-2023","Karnataka","STATE SECTOR","Nuclear","NA"
"21-12-2023","Karnataka","STATE SECTOR","Hydro","3689.2"
"21-12-2023","Karnataka","STATE SECTOR","RES","193.885"
"21-12-2023","Karnataka","PVT SECTOR","Thermal","2085.2"
"21-12-2023","Karnataka","PVT SECTOR","Nuclear","NA"
"21-12-2023","Karnataka","PVT SECTOR","Hydro","NA"
"21-12-2023","Karnataka","PVT SECTOR","RES","17891.99"
"21-12-2023","Karnataka","CENTRAL SECTOR","Thermal","2400"
"21-12-2023","Karnataka","CENTRAL SECTOR","Nuclear","880"
"21-12-2023","Karnataka","CENTRAL SECTOR","Hydro","NA"
"21-12-2023","Karnataka","CENTRAL SECTOR","RES","NA"
"21-12-2023","Kerala","STATE SECTOR","Thermal","159.96"
"21-12-2023","Kerala","STATE SECTOR","Nuclear","NA"
"21-12-2023","Kerala","STATE SECTOR","Hydro","1864.15"
"21-12-2023","Kerala","STATE SECTOR","RES","211.896"
"21-12-2023","Kerala","PVT SECTOR","Thermal","174"
"21-12-2023","Kerala","PVT SECTOR","Nuclear","NA"
"21-12-2023","Kerala","PVT SECTOR","Hydro","NA"
"21-12-2023","Kerala","PVT SECTOR","RES","932.424"
"21-12-2023","Kerala","CENTRAL SECTOR","Thermal","359.58"
"21-12-2023","Kerala","CENTRAL SECTOR","Nuclear","NA"
"21-12-2023","Kerala","CENTRAL SECTOR","Hydro","NA"
"21-12-2023","Kerala","CENTRAL SECTOR","RES","50"
"21-12-2023","Ladakh","STATE SECTOR","Thermal","NA"
"21-12-2023","Ladakh","STATE SECTOR","Nuclear","NA"
"21-12-2023","Ladakh","STATE SECTOR","Hydro","NA"
"21-12-2023","Ladakh","STATE SECTOR","RES","40.99"
"21-12-2023","Ladakh","PVT SECTOR","Thermal","NA"
"21-12-2023","Ladakh","PVT SECTOR","Nuclear","NA"
"21-12-2023","Ladakh","PVT SECTOR","Hydro","NA"
"21-12-2023","Ladakh","PVT SECTOR","RES","7.8"
"21-12-2023","Ladakh","CENTRAL SECTOR","Thermal","NA"
"21-12-2023","Ladakh","CENTRAL SECTOR","Nuclear","NA"
"21-12-2023","Ladakh","CENTRAL SECTOR","Hydro","89"
"21-12-2023","Ladakh","CENTRAL SECTOR","RES","NA"
"21-12-2023","Lakshadweep","STATE SECTOR","Thermal","26.83"
"21-12-2023","Lakshadweep","STATE SECTOR","Nuclear","NA"
"21-12-2023","Lakshadweep","STATE SECTOR","Hydro","NA"
"21-12-2023","Lakshadweep","STATE SECTOR","RES","NA"
"21-12-2023","Lakshadweep","PVT SECTOR","Thermal","NA"
"21-12-2023","Lakshadweep","PVT SECTOR","Nuclear","NA"
"21-12-2023","Lakshadweep","PVT SECTOR","Hydro","NA"
"21-12-2023","Lakshadweep","PVT SECTOR","RES","4.77"
"21-12-2023","Lakshadweep","CENTRAL SECTOR","Thermal","NA"
"21-12-2023","Lakshadweep","CENTRAL SECTOR","Nuclear","NA"
"21-12-2023","Lakshadweep","CENTRAL SECTOR","Hydro","NA"
"21-12-2023","Lakshadweep","CENTRAL SECTOR","RES","NA"
"21-12-2023","Madhya Pradesh","STATE SECTOR","Thermal","5400"
"21-12-2023","Madhya Pradesh","STATE SECTOR","Nuclear","NA"
"21-12-2023","Madhya Pradesh","STATE SECTOR","Hydro","715"
"21-12-2023","Madhya Pradesh","STATE SECTOR","RES","107.96"
"21-12-2023","Madhya Pradesh","PVT SECTOR","Thermal","8320"
"21-12-2023","Madhya Pradesh","PVT SECTOR","Nuclear","NA"
"21-12-2023","Madhya Pradesh","PVT SECTOR","Hydro","NA"
"21-12-2023","Madhya Pradesh","PVT SECTOR","RES","5864.03"
"21-12-2023","Madhya Pradesh","CENTRAL SECTOR","Thermal","8280"
"21-12-2023","Madhya Pradesh","CENTRAL SECTOR","Nuclear","NA"
"21-12-2023","Madhya Pradesh","CENTRAL SECTOR","Hydro","1520"
"21-12-2023","Madhya Pradesh","CENTRAL SECTOR","RES","300"
"21-12-2023","Maharashtra","STATE SECTOR","Thermal","10212"
"21-12-2023","Maharashtra","STATE SECTOR","Nuclear","NA"
"21-12-2023","Maharashtra","STATE SECTOR","Hydro","2566"
"21-12-2023","Maharashtra","STATE SECTOR","RES","388.13"
"21-12-2023","Maharashtra","PVT SECTOR","Thermal","11244"
"21-12-2023","Maharashtra","PVT SECTOR","Nuclear","NA"
"21-12-2023","Maharashtra","PVT SECTOR","Hydro","481"
"21-12-2023","Maharashtra","PVT SECTOR","RES","12740.01"
"21-12-2023","Maharashtra","CENTRAL SECTOR","Thermal","5607.08"
"21-12-2023","Maharashtra","CENTRAL SECTOR","Nuclear","1400"
"21-12-2023","Maharashtra","CENTRAL SECTOR","Hydro","NA"
"21-12-2023","Maharashtra","CENTRAL SECTOR","RES","123"
"21-12-2023","Manipur","STATE SECTOR","Thermal","36"
"21-12-2023","Manipur","STATE SECTOR","Nuclear","NA"
"21-12-2023","Manipur","STATE SECTOR","Hydro","NA"
"21-12-2023","Manipur","STATE SECTOR","RES","5.45"
"21-12-2023","Manipur","PVT SECTOR","Thermal","NA"
"21-12-2023","Manipur","PVT SECTOR","Nuclear","NA"
"21-12-2023","Manipur","PVT SECTOR","Hydro","NA"
"21-12-2023","Manipur","PVT SECTOR","RES","13.04"
"21-12-2023","Manipur","CENTRAL SECTOR","Thermal","NA"
"21-12-2023","Manipur","CENTRAL SECTOR","Nuclear","NA"
"21-12-2023","Manipur","CENTRAL SECTOR","Hydro","105"
"21-12-2023","Manipur","CENTRAL SECTOR","RES","NA"
"21-12-2023","Meghalaya","STATE SECTOR","Thermal","NA"
"21-12-2023","Meghalaya","STATE SECTOR","Nuclear","NA"
"21-12-2023","Meghalaya","STATE SECTOR","Hydro","322"
"21-12-2023","Meghalaya","STATE SECTOR","RES","55.03"
"21-12-2023","Meghalaya","PVT SECTOR","Thermal","NA"
"21-12-2023","Meghalaya","PVT SECTOR","Nuclear","NA"
"21-12-2023","Meghalaya","PVT SECTOR","Hydro","NA"
"21-12-2023","Meghalaya","PVT SECTOR","RES","17.99"
"21-12-2023","Mizoram","STATE SECTOR","Thermal","NA"
"21-12-2023","Mizoram","STATE SECTOR","Nuclear","NA"
"21-12-2023","Mizoram","STATE SECTOR","Hydro","NA"
"21-12-2023","Mizoram","STATE SECTOR","RES","45.47"
"21-12-2023","Mizoram","PVT SECTOR","Thermal","NA"
"21-12-2023","Mizoram","PVT SECTOR","Nuclear","NA"
"21-12-2023","Mizoram","PVT SECTOR","Hydro","NA"
"21-12-2023","Mizoram","PVT SECTOR","RES","30.43"
"21-12-2023","Mizoram","CENTRAL SECTOR","Thermal","NA"
"21-12-2023","Mizoram","CENTRAL SECTOR","Nuclear","NA"
"21-12-2023","Mizoram","CENTRAL SECTOR","Hydro","60"
"21-12-2023","Mizoram","CENTRAL SECTOR","RES","NA"
"21-12-2023","Nagaland","STATE SECTOR","Thermal","NA"
"21-12-2023","Nagaland","STATE SECTOR","Nuclear","NA"
"21-12-2023","Nagaland","STATE SECTOR","Hydro","NA"
"21-12-2023","Nagaland","STATE SECTOR","RES","32.67"
"21-12-2023","Nagaland","PVT SECTOR","Thermal","NA"
"21-12-2023","Nagaland","PVT SECTOR","Nuclear","NA"
"21-12-2023","Nagaland","PVT SECTOR","Hydro","NA"
"21-12-2023","Nagaland","PVT SECTOR","RES","3.17"
"21-12-2023","Nagaland","CENTRAL SECTOR","Thermal","NA"
"21-12-2023","Nagaland","CENTRAL SECTOR","Nuclear","NA"
"21-12-2023","Nagaland","CENTRAL SECTOR","Hydro","75"
"21-12-2023","Nagaland","CENTRAL SECTOR","RES","NA"
"21-12-2023","Odisha","STATE SECTOR","Thermal","1740"
"21-12-2023","Odisha","STATE SECTOR","Nuclear","NA"
"21-12-2023","Odisha","STATE SECTOR","Hydro","2154.55"
"21-12-2023","Odisha","STATE SECTOR","RES","26.3"
"21-12-2023","Odisha","PVT SECTOR","Thermal","3200"
"21-12-2023","Odisha","PVT SECTOR","Nuclear","NA"
"21-12-2023","Odisha","PVT SECTOR","Hydro","NA"
"21-12-2023","Odisha","PVT SECTOR","RES","603.78"
"21-12-2023","Odisha","CENTRAL SECTOR","Thermal","4600"
"21-12-2023","Odisha","CENTRAL SECTOR","Nuclear","NA"
"21-12-2023","Odisha","CENTRAL SECTOR","Hydro","NA"
"21-12-2023","Odisha","CENTRAL SECTOR","RES","10"
"21-12-2023","Puducherry","STATE SECTOR","Thermal","32.5"
"21-12-2023","Puducherry","STATE SECTOR","Nuclear","NA"
"21-12-2023","Puducherry","STATE SECTOR","Hydro","NA"
"21-12-2023","Puducherry","STATE SECTOR","RES","NA"
"21-12-2023","Puducherry","PVT SECTOR","Thermal","NA"
"21-12-2023","Puducherry","PVT SECTOR","Nuclear","NA"
"21-12-2023","Puducherry","PVT SECTOR","Hydro","NA"
"21-12-2023","Puducherry","PVT SECTOR","RES","43.27"
"21-12-2023","Puducherry","CENTRAL SECTOR","Thermal","NA"
"21-12-2023","Puducherry","CENTRAL SECTOR","Nuclear","NA"
"21-12-2023","Puducherry","CENTRAL SECTOR","Hydro","NA"
"21-12-2023","Puducherry","CENTRAL SECTOR","RES","NA"
"21-12-2023","Punjab","STATE SECTOR","Thermal","1760"
"21-12-2023","Punjab","STATE SECTOR","Nuclear","NA"
"21-12-2023","Punjab","STATE SECTOR","Hydro","941"
"21-12-2023","Punjab","STATE SECTOR","RES","127.8"
"21-12-2023","Punjab","PVT SECTOR","Thermal","3920"
"21-12-2023","Punjab","PVT SECTOR","Nuclear","NA"
"21-12-2023","Punjab","PVT SECTOR","Hydro","NA"
"21-12-2023","Punjab","PVT SECTOR","RES","1842.71"
"21-12-2023","Punjab","CENTRAL SECTOR","Thermal","NA"
"21-12-2023","Punjab","CENTRAL SECTOR","Nuclear","NA"
"21-12-2023","Punjab","CENTRAL SECTOR","Hydro","155.3"
"21-12-2023","Punjab","CENTRAL SECTOR","RES","NA"
"21-12-2023","Rajasthan","STATE SECTOR","Thermal","8433.5"
"21-12-2023","Rajasthan","STATE SECTOR","Nuclear","NA"
"21-12-2023","Rajasthan","STATE SECTOR","Hydro","411"
"21-12-2023","Rajasthan","STATE SECTOR","RES","23.85"
"21-12-2023","Rajasthan","PVT SECTOR","Thermal","2700"
"21-12-2023","Rajasthan","PVT SECTOR","Nuclear","NA"
"21-12-2023","Rajasthan","PVT SECTOR","Hydro","NA"
"21-12-2023","Rajasthan","PVT SECTOR","RES","23063.71"
"21-12-2023","Rajasthan","CENTRAL SECTOR","Thermal","669.33"
"21-12-2023","Rajasthan","CENTRAL SECTOR","Nuclear","1180"
"21-12-2023","Rajasthan","CENTRAL SECTOR","Hydro","NA"
"21-12-2023","Rajasthan","CENTRAL SECTOR","RES","344"
"21-12-2023","Sikkim","STATE SECTOR","Thermal","NA"
"21-12-2023","Sikkim","STATE SECTOR","Nuclear","NA"
"21-12-2023","Sikkim","STATE SECTOR","Hydro","1200"
"21-12-2023","Sikkim","STATE SECTOR","RES","55.11"
"21-12-2023","Sikkim","PVT SECTOR","Thermal","NA"
"21-12-2023","Sikkim","PVT SECTOR","Nuclear","NA"
"21-12-2023","Sikkim","PVT SECTOR","Hydro","512"
"21-12-2023","Sikkim","PVT SECTOR","RES","4.69"
"21-12-2023","Sikkim","CENTRAL SECTOR","Thermal","NA"
"21-12-2023","Sikkim","CENTRAL SECTOR","Nuclear","NA"
"21-12-2023","Sikkim","CENTRAL SECTOR","Hydro","570"
"21-12-2023","Sikkim","CENTRAL SECTOR","RES","NA"
"21-12-2023","Tamil Nadu","STATE SECTOR","Thermal","4844.08"
"21-12-2023","Tamil Nadu","STATE SECTOR","Nuclear","NA"
"21-12-2023","Tamil Nadu","STATE SECTOR","Hydro","2178.2"
"21-12-2023","Tamil Nadu","STATE SECTOR","RES","122.7"
"21-12-2023","Tamil Nadu","PVT SECTOR","Thermal","4189.801"
"21-12-2023","Tamil Nadu","PVT SECTOR","Nuclear","NA"
"21-12-2023","Tamil Nadu","PVT SECTOR","Hydro","NA"
"21-12-2023","Tamil Nadu","PVT SECTOR","RES","18540.72"
"21-12-2023","Tamil Nadu","CENTRAL SECTOR","Thermal","5890"
"21-12-2023","Tamil Nadu","CENTRAL SECTOR","Nuclear","2440"
"21-12-2023","Tamil Nadu","CENTRAL SECTOR","Hydro","NA"
"21-12-2023","Tamil Nadu","CENTRAL SECTOR","RES","231.9"
"21-12-2023","Telangana","STATE SECTOR","Thermal","5242.5"
"21-12-2023","Telangana","STATE SECTOR","Nuclear","NA"
"21-12-2023","Telangana","STATE SECTOR","Hydro","2405.6"
"21-12-2023","Telangana","STATE SECTOR","RES","41.22"
"21-12-2023","Telangana","PVT SECTOR","Thermal","NA"
"21-12-2023","Telangana","PVT SECTOR","Nuclear","NA"
"21-12-2023","Telangana","PVT SECTOR","Hydro","NA"
"21-12-2023","Telangana","PVT SECTOR","RES","5101.1"
"21-12-2023","Telangana","CENTRAL SECTOR","Thermal","3400"
"21-12-2023","Telangana","CENTRAL SECTOR","Nuclear","NA"
"21-12-2023","Telangana","CENTRAL SECTOR","Hydro","NA"
"21-12-2023","Telangana","CENTRAL SECTOR","RES","10"
"21-12-2023","Tripura","STATE SECTOR","Thermal","105"
"21-12-2023","Tripura","STATE SECTOR","Nuclear","NA"
"21-12-2023","Tripura","STATE SECTOR","Hydro","NA"
"21-12-2023","Tripura","STATE SECTOR","RES","16.01"
"21-12-2023","Tripura","PVT SECTOR","Thermal","NA"
"21-12-2023","Tripura","PVT SECTOR","Nuclear","NA"
"21-12-2023","Tripura","PVT SECTOR","Hydro","NA"
"21-12-2023","Tripura","PVT SECTOR","RES","13.47"
"21-12-2023","Tripura","CENTRAL SECTOR","Thermal","962.6"
"21-12-2023","Tripura","CENTRAL SECTOR","Nuclear","NA"
"21-12-2023","Tripura","CENTRAL SECTOR","Hydro","NA"
"21-12-2023","Tripura","CENTRAL SECTOR","RES","5"
"21-12-2023","Uttar Pradesh","STATE SECTOR","Thermal","5815"
"21-12-2023","Uttar Pradesh","STATE SECTOR","Nuclear","NA"
"21-12-2023","Uttar Pradesh","STATE SECTOR","Hydro","501.6"
"21-12-2023","Uttar Pradesh","STATE SECTOR","RES","49.1"
"21-12-2023","Uttar Pradesh","PVT SECTOR","Thermal","6810"
"21-12-2023","Uttar Pradesh","PVT SECTOR","Nuclear","NA"
"21-12-2023","Uttar Pradesh","PVT SECTOR","Hydro","NA"
"21-12-2023","Uttar Pradesh","PVT SECTOR","RES","4823.01"
"21-12-2023","Uttar Pradesh","CENTRAL SECTOR","Thermal","12943.14"
"21-12-2023","Uttar Pradesh","CENTRAL SECTOR","Nuclear","440"
"21-12-2023","Uttar Pradesh","CENTRAL SECTOR","Hydro","NA"
"21-12-2023","Uttar Pradesh","CENTRAL SECTOR","RES","30"
"21-12-2023","Uttarakhand","STATE SECTOR","Thermal","NA"
"21-12-2023","Uttarakhand","STATE SECTOR","Nuclear","NA"
"21-12-2023","Uttarakhand","STATE SECTOR","Hydro","1372.15"
"21-12-2023","Uttarakhand","STATE SECTOR","RES","72.37"
"21-12-2023","Uttarakhand","PVT SECTOR","Thermal","664"
"21-12-2023","Uttarakhand","PVT SECTOR","Nuclear","NA"
"21-12-2023","Uttarakhand","PVT SECTOR","Hydro","829"
"21-12-2023","Uttarakhand","PVT SECTOR","RES","861.72"
"21-12-2023","Uttarakhand","CENTRAL SECTOR","Thermal","NA"
"21-12-2023","Uttarakhand","CENTRAL SECTOR","Nuclear","NA"
"21-12-2023","Uttarakhand","CENTRAL SECTOR","Hydro","1804.2"
"21-12-2023","Uttarakhand","CENTRAL SECTOR","RES","NA"
"21-12-2023","West Bengal","STATE SECTOR","Thermal","4890"
"21-12-2023","West Bengal","STATE SECTOR","Nuclear","NA"
"21-12-2023","West Bengal","STATE SECTOR","Hydro","986"
"21-12-2023","West Bengal","STATE SECTOR","RES","121.95"
"21-12-2023","West Bengal","PVT SECTOR","Thermal","2037"
"21-12-2023","West Bengal","PVT SECTOR","Nuclear","NA"
"21-12-2023","West Bengal","PVT SECTOR","Hydro","NA"
"21-12-2023","West Bengal","PVT SECTOR","RES","514.07"
"21-12-2023","West Bengal","CENTRAL SECTOR","Thermal","6640"
"21-12-2023","West Bengal","CENTRAL SECTOR","Nuclear","NA"
"21-12-2023","West Bengal","CENTRAL SECTOR","Hydro","355.2"
"21-12-2023","West Bengal","CENTRAL SECTOR","RES","NA"
